----个人表数据
INSERT INTO USER (ID, NAME, PASSWORD, ID_CARDS, TELEPHONE, EMAIL, ADDRESS, STATUS, ROLE_CODE, CREATED)
VALUES (1, 'admin', '123456', '41052678946465131321', 'admin', 'HELLO@163.com', '河南省郑州市惠济区', 1, 1, '2017-03-23');
INSERT INTO USER (ID, NAME, PASSWORD, ID_CARDS, TELEPHONE, EMAIL, ADDRESS, STATUS, ROLE_CODE, CREATED)
VALUES (2, '诸葛亮', '123456', '41052678946465131321', '15000000000', 'HELLO@163.com', '河南省郑州市惠济区', 1, 2, '2017-03-23');
INSERT INTO USER (ID, NAME, PASSWORD, ID_CARDS, TELEPHONE, EMAIL, ADDRESS, STATUS, ROLE_CODE, CREATED)
VALUES (3, '周瑜', '123456', '41052678946465131321', '15000000001', 'HELLO@163.com', '河南省郑州市惠济区', 1, 2, '2017-03-23');
INSERT INTO USER (ID, NAME, PASSWORD, ID_CARDS, TELEPHONE, EMAIL, ADDRESS, STATUS, ROLE_CODE, CREATED)
VALUES (4, '郭嘉', '123456', '41052678946465131321', '15000000002', 'HELLO@163.com', '河南省郑州市惠济区', 1, 2, '2017-03-23');
INSERT INTO USER (ID, NAME, PASSWORD, ID_CARDS, TELEPHONE, EMAIL, ADDRESS, STATUS, ROLE_CODE, CREATED)
VALUES (5, '曹操', '123456', '41052678946465131321', '15000000003', 'HELLO@163.com', '河南省郑州市惠济区', 1, 2, '2017-03-23');
INSERT INTO USER (ID, NAME, PASSWORD, ID_CARDS, TELEPHONE, EMAIL, ADDRESS, STATUS, ROLE_CODE, CREATED)
VALUES (6, '刘备', '123456', '41052678946465131321', '15000000004', 'HELLO@163.com', '河南省郑州市惠济区', 1, 2, '2017-03-23');
INSERT INTO USER (ID, NAME, PASSWORD, ID_CARDS, TELEPHONE, EMAIL, ADDRESS, STATUS, ROLE_CODE, CREATED)
VALUES (7, '张飞', '123456', '41052678946465131321', '15000000005', 'HELLO@163.com', '河南省郑州市惠济区', 1, 2, '2017-03-23');
INSERT INTO USER (ID, NAME, PASSWORD, ID_CARDS, TELEPHONE, EMAIL, ADDRESS, STATUS, ROLE_CODE, CREATED)
VALUES (8, '吕布', '123456', '41052678946465131321', '15000000006', 'HELLO@163.com', '河南省郑州市惠济区', 1, 2, '2017-03-23');
INSERT INTO USER (ID, NAME, PASSWORD, ID_CARDS, TELEPHONE, EMAIL, ADDRESS, STATUS, ROLE_CODE, CREATED)
VALUES (9, '关羽', '123456', '41052678946465131321', '15000000007', 'HELLO@163.com', '河南省郑州市惠济区', 1, 2, '2017-03-23');
INSERT INTO USER (ID, NAME, PASSWORD, ID_CARDS, TELEPHONE, EMAIL, ADDRESS, STATUS, ROLE_CODE, CREATED)
VALUES (10, '公孙瓒', '123456', '41052678946465131321', '15000000008', 'HELLO@163.com', '河南省郑州市惠济区', 1, 2, '2017-03-23');
INSERT INTO USER (ID, NAME, PASSWORD, ID_CARDS, TELEPHONE, EMAIL, ADDRESS, STATUS, ROLE_CODE, CREATED)
VALUES (11, '司马懿', '123456', '41052678946465131321', '15000000009', 'HELLO@163.com', '河南省郑州市惠济区', 1, 2, '2017-03-23');
INSERT INTO USER (ID, NAME, PASSWORD, ID_CARDS, TELEPHONE, EMAIL, ADDRESS, STATUS, ROLE_CODE, CREATED)
VALUES (12, '黄盖', '123456', '41052678946465131321', '15000000010', 'HELLO@163.com', '河南省郑州市惠济区', 1, 2, '2017-03-23');
INSERT INTO USER (ID, NAME, PASSWORD, ID_CARDS, TELEPHONE, EMAIL, ADDRESS, STATUS, ROLE_CODE, CREATED)
VALUES (13, '赵云', '123456', '41052678946465131321', '15000000011', 'HELLO@163.com', '河南省郑州市惠济区', 1, 2, '2017-03-23');
INSERT INTO USER (ID, NAME, PASSWORD, ID_CARDS, TELEPHONE, EMAIL, ADDRESS, STATUS, ROLE_CODE, CREATED)
VALUES (14, '马超', '123456', '41052678946465131321', '15000000012', 'HELLO@163.com', '河南省郑州市惠济区', 1, 2, '2017-03-23');
---档案表数据
INSERT INTO ARCHIVES (ID, USER_ID, SCHOOL_NAME, SCHOOL_ADDRESS, TEACHER, GRADE, COMMENTS, LEVELS, CREATED)
VALUES (1, 2, '河南实验中学', '郑州市金水区文化路', '张老师', '一年级', '学习优秀', 1, '2017-03-23');
INSERT INTO ARCHIVES (ID, USER_ID, SCHOOL_NAME, SCHOOL_ADDRESS, TEACHER, GRADE, COMMENTS, LEVELS, CREATED)
VALUES (2, 2, '河南实验中学', '郑州市金水区文化路', '张老师', '二年级', '学习优秀', 1, '2017-03-23');
INSERT INTO ARCHIVES (ID, USER_ID, SCHOOL_NAME, SCHOOL_ADDRESS, TEACHER, GRADE, COMMENTS, LEVELS, CREATED)
VALUES (3, 2, '河南实验中学', '郑州市金水区文化路', '张老师', '三年级', '学习优秀', 1, '2017-03-23');
INSERT INTO ARCHIVES (ID, USER_ID, SCHOOL_NAME, SCHOOL_ADDRESS, TEACHER, GRADE, COMMENTS, LEVELS, CREATED)
VALUES (4, 3, '河南外国语中学', '郑州市金水区文化路', '王老师', '一年级', '学习优秀', 1, '2017-03-23');
INSERT INTO ARCHIVES (ID, USER_ID, SCHOOL_NAME, SCHOOL_ADDRESS, TEACHER, GRADE, COMMENTS, LEVELS, CREATED)
VALUES (5, 3, '河南外国语中学', '郑州市金水区文化路', '王老师', '二年级', '学习优秀', 1, '2017-03-23');
INSERT INTO ARCHIVES (ID, USER_ID, SCHOOL_NAME, SCHOOL_ADDRESS, TEACHER, GRADE, COMMENTS, LEVELS, CREATED)
VALUES (6, 3, '河南外国语中学', '郑州市金水区文化路', '王老师', '三年级', '学习优秀', 1, '2017-03-23');
INSERT INTO ARCHIVES (ID, USER_ID, SCHOOL_NAME, SCHOOL_ADDRESS, TEACHER, GRADE, COMMENTS, LEVELS, CREATED)
VALUES (7, 4, '郑州八中', '郑州市金水区文化路', '李老师', '一年级', '学习优秀', 1, '2017-03-23');
INSERT INTO ARCHIVES (ID, USER_ID, SCHOOL_NAME, SCHOOL_ADDRESS, TEACHER, GRADE, COMMENTS, LEVELS, CREATED)
VALUES (8, 4, '郑州八中', '郑州市金水区文化路', '李老师', '二年级', '学习优秀', 1, '2017-03-23');
INSERT INTO ARCHIVES (ID, USER_ID, SCHOOL_NAME, SCHOOL_ADDRESS, TEACHER, GRADE, COMMENTS, LEVELS, CREATED)
VALUES (9, 4, '郑州八中', '郑州市金水区文化路', '李老师', '三年级', '学习优秀', 1, '2017-03-23');
---成绩表数据
INSERT INTO ACHIEVEMENT (ID, USER_ID, SUBJECT, SCHOOL_YEAR, ACHIEVEMENT, LEVELS, CREATED)
VALUES (1, 2, '语文', '第一学年', 90, 1, '2017-03-23');
INSERT INTO ACHIEVEMENT (ID, USER_ID, SUBJECT, SCHOOL_YEAR, ACHIEVEMENT, LEVELS, CREATED)
VALUES (2, 2, '高数', '第一学年', 90, 1, '2017-03-23');
INSERT INTO ACHIEVEMENT (ID, USER_ID, SUBJECT, SCHOOL_YEAR, ACHIEVEMENT, LEVELS, CREATED)
VALUES (3, 2, '英语', '第一学年', 90, 1, '2017-03-23');
INSERT INTO ACHIEVEMENT (ID, USER_ID, SUBJECT, SCHOOL_YEAR, ACHIEVEMENT, LEVELS, CREATED)
VALUES (4, 2, '政治', '第一学年', 90, 1, '2017-03-23');
INSERT INTO ACHIEVEMENT (ID, USER_ID, SUBJECT, SCHOOL_YEAR, ACHIEVEMENT, LEVELS, CREATED)
VALUES (5, 2, '计算机科学', '第一学年', 90, 1, '2017-03-23');

INSERT INTO ACHIEVEMENT (ID, USER_ID, SUBJECT, SCHOOL_YEAR, ACHIEVEMENT, LEVELS, CREATED)
VALUES (6, 3, '语文', '第二学年', 90, 1, '2017-03-23');
INSERT INTO ACHIEVEMENT (ID, USER_ID, SUBJECT, SCHOOL_YEAR, ACHIEVEMENT, LEVELS, CREATED)
VALUES (7, 3, '高数', '第二学年', 60, 1, '2017-03-23');
INSERT INTO ACHIEVEMENT (ID, USER_ID, SUBJECT, SCHOOL_YEAR, ACHIEVEMENT, LEVELS, CREATED)
VALUES (8, 3, '英语', '第二学年', 70, 1, '2017-03-23');
INSERT INTO ACHIEVEMENT (ID, USER_ID, SUBJECT, SCHOOL_YEAR, ACHIEVEMENT, LEVELS, CREATED)
VALUES (9, 3, '政治', '第二学年', 80, 1, '2017-03-23');
INSERT INTO ACHIEVEMENT (ID, USER_ID, SUBJECT, SCHOOL_YEAR, ACHIEVEMENT, LEVELS, CREATED)
VALUES (10, 3, '计算机科学', '第二学年', 90, 1, '2017-03-23');

INSERT INTO ACHIEVEMENT (ID, USER_ID, SUBJECT, SCHOOL_YEAR, ACHIEVEMENT, LEVELS, CREATED)
VALUES (11, 4, '语文', '第三学年', 60, 1, '2017-03-23');
INSERT INTO ACHIEVEMENT (ID, USER_ID, SUBJECT, SCHOOL_YEAR, ACHIEVEMENT, LEVELS, CREATED)
VALUES (12, 4, '高数', '第三学年', 70, 1, '2017-03-23');
INSERT INTO ACHIEVEMENT (ID, USER_ID, SUBJECT, SCHOOL_YEAR, ACHIEVEMENT, LEVELS, CREATED)
VALUES (13, 4, '英语', '第三学年', 90, 1, '2017-03-23');
INSERT INTO ACHIEVEMENT (ID, USER_ID, SUBJECT, SCHOOL_YEAR, ACHIEVEMENT, LEVELS, CREATED)
VALUES (14, 4, '政治', '第三学年', 80, 1, '2017-03-23');
INSERT INTO ACHIEVEMENT (ID, USER_ID, SUBJECT, SCHOOL_YEAR, ACHIEVEMENT, LEVELS, CREATED)
VALUES (15, 4, '计算机科学', '第三学年', 80, 1, '2017-03-23');

